id,excluded_destination
"S-GLXS5BA2410,S-AWST24SU1305",Shopping_ads
MPA5002L0070001,Shopping_ads
"RP15AY36AJ2NA, R921T0603A17M4SNAS, RCFY3617STANMC",Shopping_ads
EZPRO-18-HP-23016D-O,Shopping_ads
12SW90,Shopping_ads
SWP35,Shopping_ads
S-AWST30LU1305A,Shopping_ads
D SB SEAL TAPE,Shopping_ads
"S-GLXS5BA4810,S-GR9S920804CNA,S-CHPTA4830C3",Shopping_ads
SLDRTB,Shopping_ads
CONDP01,Shopping_ads
SB81410,Shopping_ads
"S-GLXS5BA6010,S-GR9S801005CNA,S-CHPTA6030D3",Shopping_ads
SWP185,Shopping_ads
"S-GLZS4BA3010,S-AMST30BU13",Shopping_ads
AA6302K,Shopping_ads
"S-GLXS4BA6010,S-GR9S921005CNA,S-CHPTA6030D3",Shopping_ads
5AFUSE,Shopping_ads
RSWG1420,Shopping_ads
RB202NC,Shopping_ads
SWP165,Shopping_ads
"RP15AY36AJ2NA, RH2VY3617STACNJ, WRX10021",Shopping_ads
"S-GLXT7CA6010,S-CAPTA6030C3,S-GRVT961005CN",Shopping_ads
"S-GLZS4BA3610,S-AWST36LU1308A",Shopping_ads
S-GPGM54210031,Shopping_ads
"S-GLXS4BA6010,S-GR9S801005CNA,S-CHPTA6030D3",Shopping_ads
S-AHVE48CP1300,Shopping_ads
GASNIP128,Shopping_ads
34PVCU,Shopping_ads
SB6128,Shopping_ads
"S-GLZS4BA6010,S-GR9S801005CNA,S-CHPTA6030D3",Shopping_ads
"S-GLZS4BA3010,S-AWST30LU1310A",Shopping_ads
SPY600887,Shopping_ads
S-AWST18SU1308A,Shopping_ads
PAN148,Shopping_ads
"S-GXV6SS2410,S-AHVE24BP1300,S-GTST-CW-WH-A",Shopping_ads
521KIT,Shopping_ads
34TRACRL,Shopping_ads
"S-GLXS4BA1810,S-GR9S800403ANA,S-CHPTA2426B3",Shopping_ads
C165+KIT,Shopping_ads
"S-GLZS5BA4810,S-AMST48CU13",Shopping_ads
"S-GLXS5BA1810,S-AWST18SU1305",Shopping_ads
S-GPHM52431,Shopping_ads
"S-GLXS4BA6010,S-AMST60DU13",Shopping_ads
S-GLZS5BA3610,Shopping_ads
1000002128,Shopping_ads
CAP353MF,Shopping_ads
REME-BULB,Shopping_ads
"S-GLZS5BA3010,S-GR9S800603ANA,S-CAPTA3022A3",Shopping_ads
GAS1TEE,Shopping_ads
RP14AY36AJ2NA,Shopping_ads
"S-GLZS4BA4810,S-GR9S800804CNA,S-CHPTA4830C3",Shopping_ads
05-30-300UB,Shopping_ads
"S-GLZS5BA1810,S-GR9S920403ANA,S-CHPTA2426B3",Shopping_ads
34HOLE,Shopping_ads
S-GRVT800803BN,Shopping_ads
13UNI1075,Shopping_ads
APR-4028-DTA,Shopping_ads
H-BD01,Shopping_ads
06-30-300UB,Shopping_ads
FLATB-PAINT,Shopping_ads
906128,Shopping_ads
"RP15AY24AJ2NA, RH2VY2417STACNJ, WRX05021",Shopping_ads
6SADDLE,Shopping_ads
NYLWB01,Shopping_ads
RED108,Shopping_ads
CAP453MF,Shopping_ads
S-GPGM34208031,Shopping_ads
"RP15AY18AJ2NA, R801T0503A14UHSNAS, RCFY2414STAAMC",Shopping_ads
MPA52700030001,Shopping_ads
C165+NOIL,Shopping_ads
S-AWST24SU1310A,Shopping_ads
GAS1UN,Shopping_ads
STR9034,Shopping_ads
S-GPHH33031,Shopping_ads
"GLZS4BA6010, GR9S801005CNA, CHPTA6030D3",Shopping_ads
70025,Shopping_ads
904106,Shopping_ads
ROSSI6,Shopping_ads
"S-GLXS5BA4210,S-GR9S920804CNA,S-CHPTA4230C3",Shopping_ads
S-AMVT60DP1300,Shopping_ads
S-CHPTA3630B3,Shopping_ads
LS3450,Shopping_ads
"GLZS4BA4210, GR9S800804CNA, CAPTA4230C3",Shopping_ads
"GLZS4BA3010, GR9S800603ANA, CHPTA3026B3",Shopping_ads
"GLZS5BA6010, AMST60DU13",Shopping_ads
PLENBSB,Shopping_ads
"S-GLZS4BA2410,S-GR9S800403ANA,S-CHPTA2426B3",Shopping_ads
S-GPGM32404031,Shopping_ads
JN165,Shopping_ads
PLENAHBFR,Shopping_ads
12WIRE1,Shopping_ads
"S-GLXS4BA2410,S-AWST24SU1305",Shopping_ads
PF1414,Shopping_ads
ARMA78,Shopping_ads
CSPLEN,Shopping_ads
"S-GLXS4BA3010,S-AWST30LU1310A",Shopping_ads
"RP14AY48AJ2NA, RH2TY4821STANNJ, WRX10021",Shopping_ads
"S-GLZS4BA6010,S-GR9S801005CNA,S-CAPTA6030C3",Shopping_ads
"S-GLZS4BA3610,S-GR9S920603BNA,S-CAPTA3626B3",Shopping_ads
C165+NKIT,Shopping_ads
MSL5825,Shopping_ads
MPA52700050001,Shopping_ads
CE6106,Shopping_ads
S-CAPTA6030C3,Shopping_ads
"GZV6SA3610, AHVE36CP1300, HKTSN10X1, GTST-CW-WH-A",Shopping_ads
S-AWST18SU1305A,Shopping_ads
S-GXV6SS4210,Shopping_ads
3WAY148,Shopping_ads
"RP15AY18AJ2NA, R921T0403A17M4SNAS, RCFY2417STANMC",Shopping_ads
"RP14AY24AJ2NA, R921T0403A17M4SNAS, RCFY2417STANMC",Shopping_ads
FRG1420,Shopping_ads
ASPLEN,Shopping_ads
"RP15AY42AJ2NA, RH2VY4821STACNJ, WRX10021",Shopping_ads
UNIICM2812,Shopping_ads
SLH412,Shopping_ads
188WIRE,Shopping_ads
GLZS5BA6010,Shopping_ads
"RP14AY30AJ2NA, RH2TY3617STANNJ, WRX07521",Shopping_ads
"S-GLZS4BA1810,S-GR9S800403ANA,S-CHPTA2426B3",Shopping_ads
S-GPGM53008031,Shopping_ads
"RP15AY18AJ2NA, RH2TY2417STANNJ, WRX05021",Shopping_ads
"S-GLXS4BA4210,S-AMST42CU13",Shopping_ads
R818,Shopping_ads
"S-GLXS4BA4810,S-AMST48CU13",Shopping_ads
16SW90,Shopping_ads
CAP75MF,Shopping_ads
MPA52700020001,Shopping_ads
S-CAPTA2422B3,Shopping_ads
"S-GLXT7CA4810,S-CHPTA6030D3,S-GRVT800804CN",Shopping_ads
C165+OILKIT,Shopping_ads
END310,Shopping_ads
S-GPGM36012031,Shopping_ads
GAS12UN,Shopping_ads
FTXC09AXVJU,Shopping_ads
"S-GLXS5BA1810,S-GR9S920403ANA,S-CHPTA2426B3",Shopping_ads
12TRACRL,Shopping_ads
SAFT01,Shopping_ads
RP14AY60AJ2NA,Shopping_ads
CAP125MF,Shopping_ads
CT-200,Shopping_ads
GASNIP122,Shopping_ads
10-406-ASD,Shopping_ads
FRG148,Shopping_ads
COUP34,Shopping_ads
1290LTFIT,Shopping_ads
DT302,Shopping_ads
S-GPGM33004031,Shopping_ads
S-AWST18SU1303A,Shopping_ads
S-GXV6SS3610,Shopping_ads
PF1820,Shopping_ads
GPHH36031,Shopping_ads
ZC-01,Shopping_ads
ROSSLV10,Shopping_ads
"S-GXV6SS3010,S-AHVE36CP1300,S-GTST-CW-WH-A",Shopping_ads
RECT122448,Shopping_ads
S-GRVT960403BN,Shopping_ads
RSWG148,Shopping_ads
184WIRE300,Shopping_ads
"S-GLZS4BA3010,S-GR9S920603BNA,S-CAPTA3626B3",Shopping_ads
"S-GLXS5BA3010,S-GR9S920603BNA,S-CHPTA3026B3",Shopping_ads
4EAVE,Shopping_ads
182WIRE,Shopping_ads
ROSSI10,Shopping_ads
S-GRVT961005DN,Shopping_ads
08-30-300UB,Shopping_ads
"GLZS4BA3610, GR9S800604BNA, CAPTA3626B3",Shopping_ads
JWW81,Shopping_ads
S-AHVE42CP1300,Shopping_ads
"GLZS5BA3010, AWST30SU1310",Shopping_ads
S-GPGM33608031,Shopping_ads
H-NT08,Shopping_ads
RP15AY24AJ2NA,Shopping_ads
70033,Shopping_ads
SPFOAM,Shopping_ads
S-AWST36LU1305A,Shopping_ads
GZV6SA1810,Shopping_ads
10-30-300,Shopping_ads
"S-GLXS4BA3010,S-GR9S800603ANA,S-CHPTA3026B3",Shopping_ads
"RP14AY36AJ2NA, RH2TY3617STANNJ, WRX10021",Shopping_ads
"S-GLXS4BA3610, S-AWST36SU1310",Shopping_ads
FTXV09AVJU9,Shopping_ads
S-GR9S920805CN,Shopping_ads
PVCCEM1,Shopping_ads
AACL06,Shopping_ads
"S-GLXS4BA2410,S-GR9S800403ANA,S-CHPTA2426B3",Shopping_ads
EZPRO-24-HP-23016D-O,Shopping_ads
S-GPGM54810031,Shopping_ads
RED87,Shopping_ads
"S-GLXT7CA6010,S-CAPTA6030C3,S-GRVT800805CN",Shopping_ads
BBPW,Shopping_ads
RB142014,Shopping_ads
SPY19024,Shopping_ads
CS-250,Shopping_ads
"S-GLXT7CA6010,S-CHPTA6030D3,S-GRVT961205DN",Shopping_ads
H-SA12,Shopping_ads
"S-GLXS4BA2410,S-GR9S920403ANA,S-CAPTA2422A3",Shopping_ads
ROSSLV12,Shopping_ads
CE4148,Shopping_ads
S-GPGM56014031,Shopping_ads
CAP4075MF,Shopping_ads
SB4148,Shopping_ads
"S-GLZS4BA2410,S-GR9S800403ANA,S-CAPTA2422A3",Shopping_ads
"S-GLXT7CA3610,S-CHPTA3630B3,S-GRVT800603BN",Shopping_ads
S-AMST48CU13,Shopping_ads
GZV6SA4810,Shopping_ads
BFLR144,Shopping_ads
UEIGNGV,Shopping_ads
GPHH54831,Shopping_ads
"S-GZV6SA3010,S-AHVE36CP1300,S-GTST-CW-WH-A",Shopping_ads
10COL,Shopping_ads
H-BM01,Shopping_ads
S-GPHM33031,Shopping_ads
"GLZS4BA2410, GR9S800403ANA, CHPTA2426B3",Shopping_ads
APLENFR,Shopping_ads
6ROOF,Shopping_ads
"S-GLXS5BA2410,S-GR9S920403ANA,S-CHPTA2426B3",Shopping_ads
2PVCC,Shopping_ads
34PVC45,Shopping_ads
R614,Shopping_ads
S-GPGM52406031,Shopping_ads
510KIT,Shopping_ads
S-GPHH53031,Shopping_ads
"RP15AY24AJ2NA, R921T0403A17M4SNAS, RCFY2417STANMC",Shopping_ads
"S-GLZS5BA4210,S-AMST42CU13",Shopping_ads
S-GLZS4BA3010,Shopping_ads
"RP15AY30AJ2NA, RH2TY3617STANNJ, WRX07521",Shopping_ads
GAS34COUP,Shopping_ads
S-GXV6SS1810,Shopping_ads
SPY600913,Shopping_ads
S-GR9S920804CN,Shopping_ads
S-AWST24SU1308A,Shopping_ads
S-CAPEA3626B3,Shopping_ads
C161C,Shopping_ads
WTOE210,Shopping_ads
"RXC24AXVJU, FTXC24AXVJU",Shopping_ads
S-GR9S920603BN,Shopping_ads
S-GPGM34206031,Shopping_ads
GLZS4MA1810,Shopping_ads
RP15AY60AJ2NA,Shopping_ads
PAN3232,Shopping_ads
SPY19020,Shopping_ads
MPA52700060001,Shopping_ads
"GLZS4BA4810, GR9S800804CNA, CAPTA6030C3",Shopping_ads
"S-GZV7SA4210,S-AHVE60DP1300,S-GTST-CW-WH-A",Shopping_ads
34INSUV,Shopping_ads
"S-GZV7SA6010,S-AHVE60DP1300,S-GTST-CW-WH-A",Shopping_ads
SB6148,Shopping_ads
"GLZS4BA4210, AMST42CU13",Shopping_ads
115VCMBO,Shopping_ads
3CONVENT,Shopping_ads
346WHP,Shopping_ads
S-GLZS4BA2410,Shopping_ads
CAP305MF,Shopping_ads
S-AWST30LU1310A,Shopping_ads
H-NT03,Shopping_ads
"S-GLZS4BA3610,S-GR9S920603BNA,S-CHPTA3630B3",Shopping_ads
FMBLK1,Shopping_ads
S-GLXT7CA6010,Shopping_ads
RSWG2020,Shopping_ads
S-GZV6SA6010,Shopping_ads
S-CAPTA3022A3,Shopping_ads
FSR-10x6-BRN,Shopping_ads
"S-GLZS5BA3610, S-AWST36LU1310",Shopping_ads
SB4106,Shopping_ads
R804,Shopping_ads
S-GZV7SA2410,Shopping_ads
12SHTOF,Shopping_ads
S-HKTSN05X1,Shopping_ads
GM3469,Shopping_ads
GASNIP348,Shopping_ads
20A2PBR,Shopping_ads
GAS12CAP,Shopping_ads
JTEKD2,Shopping_ads
"RP14AY42AJ2NA, R921T0855A21M4SNAS, RCFY4821STANMC",Shopping_ads
CAP355MF,Shopping_ads
2MXM18AVJU9,Shopping_ads
"S-GLZS5BA6010,S-GR9S921005CNA,S-CAPT6030C3",Shopping_ads
38BARB,Shopping_ads
"GLZS4BA2410, GR9S800403ANA, CAPTA2422A3",Shopping_ads
LCAPSING,Shopping_ads
S-GXV6SS4810,Shopping_ads
CAP555MF,Shopping_ads
DL489COMBO,Shopping_ads
IR-WIFI-1NA,Shopping_ads
GASNIP16,Shopping_ads
SPY19019,Shopping_ads
RP14AY18AJ1NA,Shopping_ads
"S-GLXS5BA4810,S-AMST48CU13",Shopping_ads
1036ADJ,Shopping_ads
MPA5285G0020201,Shopping_ads
C161KIT,Shopping_ads
EZPRO-09-HP-11516D-O,Shopping_ads
12-30-300,Shopping_ads
GPHH32431,Shopping_ads
400066,Shopping_ads
ROSSI8,Shopping_ads
S-GRVT800603BN,Shopping_ads
DMG150,Shopping_ads
"S-GLZS5BA3010,S-AMST30BU13",Shopping_ads
FRG146,Shopping_ads
QK10M,Shopping_ads
"S-GLZT7CA3610,S-AMVT36BP1300",Shopping_ads
PF2425,Shopping_ads
"S-GLXS4BA1810,S-GR9S920403ANA,S-CHPTA2426B3",Shopping_ads
12LTFIT,Shopping_ads
"RP14AY18AJ1NA, R921T0403A17M4SNAS, RCFY2417STANMC",Shopping_ads
GLZS5BA3010,Shopping_ads
"S-GLZS5BA1810,S-GR9S920403ANA,S-CAPTA2422A3",Shopping_ads
"RP15AY60AJ2NA, RH2VY6024STACNJ, WRX10021",Shopping_ads
"S-GZV7SA3610,S-AHVE42CP1300,S-GTST-CW-WH-A",Shopping_ads
9-BI-6TPI-1,Shopping_ads
"S-GLZS5BA6010,S-AMST60DU13",Shopping_ads
ANCHRK01,Shopping_ads
GAS12COUP,Shopping_ads
PLUSGAS,Shopping_ads
"GZV7SA3610, AHVE42CP1300, GTST-CW-WH-A",Shopping_ads
S-GRVT960804CN,Shopping_ads
4SW90,Shopping_ads
"S-GLXS4BA1810,S-GR9S920403ANA,S-CAPTA2422A3",Shopping_ads
T-200x,Shopping_ads
RB141410,Shopping_ads
SPY11001,Shopping_ads
1438ADJ,Shopping_ads
906148,Shopping_ads
S-GRVT800604BN,Shopping_ads
16COL,Shopping_ads
"S-GLZS4BA4810,S-GR9S920804CNA,S-CAPTA6030C3",Shopping_ads
S-CHPTA4830C3,Shopping_ads
GLZS4BA3010,Shopping_ads
SWCAP6,Shopping_ads
GPHH52431,Shopping_ads
S-GLXT7CA4810,Shopping_ads
R606,Shopping_ads
6COL,Shopping_ads
"S-GLZS5BA2410,S-GR9S920403ANA,S-CHPTA2426B3",Shopping_ads
14-310,Shopping_ads
3490LTFIT,Shopping_ads
R610,Shopping_ads
522KIT,Shopping_ads
62WIRE50,Shopping_ads
"S-GLXT7CA3610,S-CHPTA3630B3,S-GRVT960803BN",Shopping_ads
GPHM36031,Shopping_ads
"S-GLZS5BA4810,S-GR9S920804CNA,S-CHPTA4830C3",Shopping_ads
S-GPUM32404031,Shopping_ads
S-CAPEA3022B3,Shopping_ads
"GZV6SA4810, AHVE48CP1300, HKTSN10X1, GTST-CW-WH-A",Shopping_ads
BLWRN01,Shopping_ads
GLZS5BA3610,Shopping_ads
"GLZS4BA3010, AWST30SU1310",Shopping_ads
GLZS4MA3010,Shopping_ads
"S-GLXT7CA6010,S-AMVT60DP1300",Shopping_ads
FG1420,Shopping_ads
"GLZT7CA3610, AMVT36BP1300",Shopping_ads
"GZV6SA3010, AHVE36CP1300, HKTSN08X1, GTST-CW-WH-A",Shopping_ads
AA313,Shopping_ads
"S-GLXS5BA4210,S-GR9S920804CNA,S-CAPTA4230C3",Shopping_ads
"S-GLXS5BA6010,S-GR9S921005CNA,S-CAPTA6030C3",Shopping_ads
SPY200303,Shopping_ads
"S-GLZS5BA4210,S-GR9S920804CNA,S-CHPTA4230C3",Shopping_ads
EM720,Shopping_ads
S-AMVT36BP1300,Shopping_ads
MPA5002L0060001,Shopping_ads
06-406-ASD,Shopping_ads
CMFTSNS-01,Shopping_ads
S-GPUM36008031,Shopping_ads
ROSSLV8,Shopping_ads
4SADDLE,Shopping_ads
"S-GLXS4BA6010,S-GR9S921005CNA,S-CAPTA6030C3",Shopping_ads
230UNICFM1025,Shopping_ads
FLATW-PAINT,Shopping_ads
1210WHP,Shopping_ads
QFLSH6,Shopping_ads
"S-GLXS5BA2410,S-GR9S800403ANA,S-CHPTA2426B3",Shopping_ads
H-WP75,Shopping_ads
SWCVR01,Shopping_ads
ROSSLV14,Shopping_ads
UNIDEFBD,Shopping_ads
AA8053,Shopping_ads
AA83W,Shopping_ads
GZV6SA3610,Shopping_ads
DIY-09-HP-WM-115D25-O,Shopping_ads
CAP4575MF,Shopping_ads
9V,Shopping_ads
8COL,Shopping_ads
AAPLEN1310,Shopping_ads
C30H142P449,Shopping_ads
RP14AY24AJ2NA,Shopping_ads
"S-GLZS5BA3610,S-GR9S920603BNA,S-CHPTA3630B3",Shopping_ads
RSWG306,Shopping_ads
SPY19023,Shopping_ads
CAP10MF,Shopping_ads
3SW90,Shopping_ads
ROSSI4,Shopping_ads
GZV7SA3610,Shopping_ads
QFLSH1,Shopping_ads
"S-GLXS4BA3010,S-AMST30BU13",Shopping_ads
GPHM33631,Shopping_ads
"S-GLXT7CA2410,S-CAPTA2422B3,S-GRVT800603BN",Shopping_ads
"S-GLZS4BA1810,S-GR9S800403ANA,S-CAPTA2422A3",Shopping_ads
"RP14AY30AJ2NA, R921T0603A17M4SNAS, RCFY3617STANMC",Shopping_ads
"S-GLXS5BA2410,S-GR9S920403ANA,S-CAPTA2422A3",Shopping_ads
C161OILKIT,Shopping_ads
FF1620/2020,Shopping_ads
MSL1225,Shopping_ads
EM201SPKIT,Shopping_ads
"S-GLXS4BA3610,S-AWST36LU1308A",Shopping_ads
FP15,Shopping_ads
"S-GLXS4BA2410,S-GR9S920403ANA,S-CHPTA2426B3",Shopping_ads
GLZS4MA2410,Shopping_ads
SILIC01,Shopping_ads
S-AMST30BU13,Shopping_ads
S-GPHH34831,Shopping_ads
R608,Shopping_ads
TPSPD,Shopping_ads
"S-GLXT7CA3610,S-CAPTA3626B3,S-GRVT960603BN",Shopping_ads
OC142014,Shopping_ads
"S-GLZS4BA3610,S-GR9S800604BNA,S-CAPTA3626B3",Shopping_ads
PLENAHCFR,Shopping_ads
30A2PBR,Shopping_ads
S-CHPTA2426B3,Shopping_ads
6900,Shopping_ads
SLDR1,Shopping_ads
"S-GLXT7CA2410,S-CAPTA2422B3,S-GRVT960403BN",Shopping_ads
FTXQ09ASBU9,Shopping_ads
8SADDLE,Shopping_ads
S-GPHM54231,Shopping_ads
GPHM34231,Shopping_ads
34PVCJ,Shopping_ads
MPA52700070001,Shopping_ads
34SHTOF,Shopping_ads
H-SP48,Shopping_ads
AQM4,Shopping_ads
"S-GLZS4BA2410,S-GR9S920403ANA,S-CAPTA2422A3",Shopping_ads
"S-GLZS4BA6010,S-AMST60DU13",Shopping_ads
"S-GLZS4BA3610,S-AMST36BU13",Shopping_ads
GAS1290,Shopping_ads
34PVCR,Shopping_ads
FTXV18AVJU9,Shopping_ads
18SW90,Shopping_ads
DAFM4,Shopping_ads
GPHH33631,Shopping_ads
"GLZS5BA3010, AMST30BU13",Shopping_ads
S-GRVT800805DN,Shopping_ads
"S-GLZS5BA4810,S-GR9S800804CNA,S-CHPTA4830C3",Shopping_ads
S-GPHM56031,Shopping_ads
"GLZS4BA6010, GR9S801005CNA, CAPTA6030C3",Shopping_ads
S-GPUM33006031,Shopping_ads
FTXC24AXVJU,Shopping_ads
CONPL2,Shopping_ads
"S-GLXT7CA3610,S-AMVT36BP1300",Shopping_ads
"S-GLXT7CA4810,S-AMVT48CP1300",Shopping_ads
"GLZS4BA3610, AWST36SU1310",Shopping_ads
S-CHPEA3026B3,Shopping_ads
S-GZV6SA3610,Shopping_ads
GAS34UN,Shopping_ads
GLZS4BA3610,Shopping_ads
"GLZS4BA3610, AMST36BU13",Shopping_ads
904104,Shopping_ads
CNRBLK01,Shopping_ads
S-CHPTA6030D3,Shopping_ads
S-GLZS5BA4810,Shopping_ads
5SW90,Shopping_ads
"RP15AY48AJ2NA, RH2VY4821STACNJ, WRX10021",Shopping_ads
"S-GLXS5BA3010,S-AWST30LU1308",Shopping_ads
C163KIT,Shopping_ads
S-AMVT48CP1300,Shopping_ads
CAP3575MF,Shopping_ads
DL579COMBO,Shopping_ads
S-GLXS5BA2410,Shopping_ads
DBOX24,Shopping_ads
18X16-311P,Shopping_ads
"S-GLXT7CA6010,S-CHPTA6030D3,S-GRVT801005CN",Shopping_ads
AA123W,Shopping_ads
AA913,Shopping_ads
S-GPCH33631,Shopping_ads
GASR1141,Shopping_ads
AA-130PT-DEHU,Shopping_ads
10SW90,Shopping_ads
"S-GLZS5BA3610,S-GR9S800604BNA,S-CAPTA3626B3",Shopping_ads
S-CAPTA2422A3,Shopping_ads
PAD4040,Shopping_ads
S-CHPTA4230C3,Shopping_ads
UNIFLMSN,Shopping_ads
S-GR9S800604BNA,Shopping_ads
"S-GXV6SS6010,S-AHVE60DP1300,S-GTST-CW-WH-A",Shopping_ads
S-GR9S920403AN,Shopping_ads
16-310,Shopping_ads
34PVCF,Shopping_ads
752DWRAP-1,Shopping_ads
"S-GLXS5BA3010,S-GR9S920603BNA,S-CAPTA3626B3",Shopping_ads
S-GPGM34810031,Shopping_ads
"S-GLZS5BA6010,S-GR9S921005CNA,S-CHPTA6030D3",Shopping_ads
5224-A,Shopping_ads
Y864,Shopping_ads
GASNIP12,Shopping_ads
904148,Shopping_ads
"GLZS5BA4210, AMST42CU13",Shopping_ads
"S-GLZS4BA1810,S-GR9S920403ANA,S-CHPTA2426B3",Shopping_ads
LS7850,Shopping_ads
S-GPHH36031,Shopping_ads
GPHM32431,Shopping_ads
S-GPGM32406031,Shopping_ads
BR1-100,Shopping_ads
12-406-ASD,Shopping_ads
"S-GLXT7CA4810,S-CAPTA6030C3,S-GRVT960804CN",Shopping_ads
"RP15AY36AJ2NA, R801T0754A17UHSNAS, RCFY3617STANMC",Shopping_ads
BFLR104,Shopping_ads
SCHPRT,Shopping_ads
JSW75,Shopping_ads
GAS34TEE,Shopping_ads
AA8145,Shopping_ads
S-CHPEA6030C3,Shopping_ads
HNGWR01,Shopping_ads
"S-GLZS4BA3010,S-AWST30LU1308A",Shopping_ads
GLZT7CA4810,Shopping_ads
"S-GZV7SA4810,S-AHVE60DP1300,S-GTST-CW-WH-A",Shopping_ads
"GLZT7CA2410, AMVT30BP1300",Shopping_ads
C SB WP (DB),Shopping_ads
CE6128,Shopping_ads
S-GPUM34808031,Shopping_ads
S-GPHH34231,Shopping_ads
"S-GLZS5BA3010,S-GR9S800603ANA,S-CHPTA3026B3",Shopping_ads
S-AMST24BU13,Shopping_ads
S-HKTSN10X1,Shopping_ads
S-GPHH54831,Shopping_ads
S-GLXS5BA4810,Shopping_ads
402PVC10-1,Shopping_ads
DSPLEN,Shopping_ads
16-406-A,Shopping_ads
GLZS5BA4810,Shopping_ads
FG2020,Shopping_ads
"GLZT7CA4810, AMVT60DP1300",Shopping_ads
ELB34,Shopping_ads
"S-GLXS5BA3610,S-GR9S800604BNA,S-CAPTA3626B3",Shopping_ads
6-BI-14TPI,Shopping_ads
GASR134,Shopping_ads
6429416,Shopping_ads
GFLEX185,Shopping_ads
14COL,Shopping_ads
GLZS5BA2410,Shopping_ads
"GLZS5BA3610, AWST36SU1310",Shopping_ads
RXC18AXVJU,Shopping_ads
2PVC45,Shopping_ads
16CIDRYER,Shopping_ads
"GLZS5BA3010, AWST30SU1308",Shopping_ads
RP15AY36AJ2NA,Shopping_ads
146STACK,Shopping_ads
GLZT7CA6010,Shopping_ads
YLWRN01,Shopping_ads
S-GLZS4BA4810,Shopping_ads
GLZS5BA4210,Shopping_ads
"GLZS4BA3010, AWST30SU1308",Shopping_ads
SNDCLTH1,Shopping_ads
6-BI-6TPI,Shopping_ads
S-AMVT42CP1300,Shopping_ads
"GZV7SA4810, AHVE60DP1300, GTST-CW-WH-A",Shopping_ads
403PVC10-1,Shopping_ads
AACL08,Shopping_ads
FF1625/2025,Shopping_ads
H-SG16,Shopping_ads
S-GPHM34231,Shopping_ads
H-FG64,Shopping_ads
"S-GLXS4BA2410,S-GR9S800403ANA,S-CAPTA2422A3",Shopping_ads
S-GRVT960803BN,Shopping_ads
"S-GLZS5BA2410,S-AWST24SU1305",Shopping_ads
UVDYE1,Shopping_ads
C165+OIL,Shopping_ads
Y12108,Shopping_ads
10-310,Shopping_ads
GLZS4BA2410,Shopping_ads
2CONVENT,Shopping_ads
12SEALT100,Shopping_ads
SAUERMSUUP,Shopping_ads
FTXV15AVJU9,Shopping_ads
"RP15AY18AJ2NA, RH2VY2417STACNJ, WRX05021",Shopping_ads
S-GLZS5BA6010,Shopping_ads
1502UR,Shopping_ads
PLENCSB,Shopping_ads
GASNIP112,Shopping_ads
70029,Shopping_ads
"S-GLXS5BA2410,S-GR9S800403ANA,S-CAPTA2422A3",Shopping_ads
115UNIIBM1075,Shopping_ads
"GLZT7CA6010, AMVT60DP1300",Shopping_ads
Prime,Shopping_ads
GLZS4BA4210,Shopping_ads
34SEALT100,Shopping_ads
A3B5,Shopping_ads
"S-GLZS4BA4810,S-AMST48CU13",Shopping_ads
"S-GLXS5BA1810,S-GR9S800403ANA,S-CHPTA2426B3",Shopping_ads
S-GLXS4BA6010,Shopping_ads
PLENAHSB,Shopping_ads
34TRACSTR,Shopping_ads
GLZS4BA6010,Shopping_ads
C165+,Shopping_ads
GPHH33031,Shopping_ads
FRG1414,Shopping_ads
SINGNGBX,Shopping_ads
"S-GLXS4BA6010,S-GR9S801005CNA,S-CAPTA6030C3",Shopping_ads
"S-GLXS4BA3010,S-AWST30LU1308A",Shopping_ads
LS3425,Shopping_ads
RHRETST800SYS,Shopping_ads
S-GZV6SA1810,Shopping_ads
WTOE214,Shopping_ads
EZPRO-12-HP-11516D-O,Shopping_ads
UVF6,Shopping_ads
S-AMST36BU13,Shopping_ads
3WAY106,Shopping_ads
GASCNIP1,Shopping_ads
"S-GLZT7CA4810,S-AMVT60DP1300",Shopping_ads
"S-GLZS4BA6010,S-GR9S921005CNA,S-CHPTA6030D3",Shopping_ads
62WIRE1,Shopping_ads
8SW90,Shopping_ads
115SWTCH,Shopping_ads
C161,Shopping_ads
"S-GLXS4BA4810,S-GR9S920804CNA,S-CAPTA6030C3",Shopping_ads
PAN3060,Shopping_ads
GZV7SA6010,Shopping_ads
34TRAC1,Shopping_ads
"S-GLXT7CA2410,S-AMVT24BP1300",Shopping_ads
RXC09AXVJU,Shopping_ads
CLAMP15,Shopping_ads
MPA5285G0030301,Shopping_ads
"S-GZV6SA2410,S-AHVE24BP1300,S-GTST-CW-WH-A",Shopping_ads
"S-GLXS5BA3610,S-GR9S920603BNA,S-CAPTA3626B3",Shopping_ads
12COL,Shopping_ads
S-GPGM53608031,Shopping_ads
S-GXV6SS6010,Shopping_ads
R604,Shopping_ads
"S-GXV6SS3610,S-AHVE36CP1300,S-GTST-CW-WH-A",Shopping_ads
40A2PBR,Shopping_ads
S-AHVE24BP1300,Shopping_ads
AABYP10,Shopping_ads
"S-GLZS5BA1810,S-AMST24BU13",Shopping_ads
RED65,Shopping_ads
CAP253MF,Shopping_ads
"GLZS4BA2410, AMST24BU13",Shopping_ads
BPLENFR,Shopping_ads
SCLIP01,Shopping_ads
D SB PIPE THREAD,Shopping_ads
"GLZS5BA1810, AWST18SU1305",Shopping_ads
"GLZS5BA4810, AMST48CU13",Shopping_ads
4COL,Shopping_ads
4034PVC10-1,Shopping_ads
BTOE214,Shopping_ads
9081410,Shopping_ads
"S-GLXT7CA3610,S-CAPTA3626B3,S-GRVT800603BN",Shopping_ads
12TRAC1,Shopping_ads
CAP464,Shopping_ads
GLZS4BA4810,Shopping_ads
RP15AY48AJ2NA,Shopping_ads
S-CAPEA2418B3,Shopping_ads
RLYSPDT,Shopping_ads
SWCAP10,Shopping_ads
CAP15MF,Shopping_ads
C163,Shopping_ads
RXQ12ASBU9,Shopping_ads
34SEALT1,Shopping_ads
GZV6SA2410,Shopping_ads
RB142012,Shopping_ads
"RP15AY48AJ2NA, R801T1005A21UHSNAS, RCFY4821STANMC",Shopping_ads
"RP15AY24AJ2NA, R801T0503A14UHSNAS, RCFY2414STAAMC",Shopping_ads
FTXQ12ASBU9,Shopping_ads
"S-GLXS5BA4810,S-GR9S920804CNA,S-CAPTA6030C3",Shopping_ads
"RP14AY60AJ2NA, R921T1155A24M4SNAS, RCFY6024STANMC",Shopping_ads
34PVC90,Shopping_ads
MSL1425,Shopping_ads
BOCA518,Shopping_ads
"S-GLXS5BA6010,S-GR9S921005CNA,S-CHPTA6030D3",Shopping_ads
AA103W,Shopping_ads
PAD3636,Shopping_ads
ARMA34,Shopping_ads
S-GLXS5BA6010,Shopping_ads
QFLSH810,Shopping_ads
DPLENFR,Shopping_ads
34PVCC,Shopping_ads
"GLZS5BA3610, AMST36BU13",Shopping_ads
BLNKCVR1,Shopping_ads
"GZV7SA2410, AHVE36CP1300, GTST-CW-WH-A",Shopping_ads
S-GPHM34831,Shopping_ads
S-GPGM36010031,Shopping_ads
H-214,Shopping_ads
"S-GLXS4BA1810,S-AMST24BU13",Shopping_ads
AA213,Shopping_ads
S-GLZT7CA6010,Shopping_ads
S-GPUM34208031,Shopping_ads
GZV6SA6010,Shopping_ads
S-GRVT800804CN,Shopping_ads
PVC23R,Shopping_ads
S-GPHH32431,Shopping_ads
6SW90,Shopping_ads
S-GLZS5BA3010,Shopping_ads
GLZT7CA2410,Shopping_ads
MPA5285G0050501,Shopping_ads
C165+N,Shopping_ads
"RP15AY30AJ2NA, R921T0603A17M4SNAS, RCFY3617STANMC",Shopping_ads
THERMO36,Shopping_ads
"GLZS4BA1810, GR9S800403ANA, CAPTA2422A3",Shopping_ads
AAPLEN1910,Shopping_ads
"RP15AY30AJ2NA, R801T0754A17UHSNAS, RCFY3617STANMC",Shopping_ads
04-30-300UB,Shopping_ads
"GZV6SA6010, AHVE60DP1300, HKTSN10X1, GTST-CW-WH-A",Shopping_ads
CSRU3,Shopping_ads
S-GPGM33006031,Shopping_ads
S-GLZS5BA1810,Shopping_ads
CE4106,Shopping_ads
PF1625,Shopping_ads
"S-GLXS5BA3610, S-AWST36LU1310",Shopping_ads
"S-GLXS5BA4810,S-GR9S800804CNA,S-CHPTA4830C3",Shopping_ads
ROSSLV6,Shopping_ads
"S-GLXT7CA4810,S-CAPTA6030C3,S-GRVT800804CN",Shopping_ads
3PVC90,Shopping_ads
"RP14AY18AJ1NA, RH2TY2417STANNJ, WRX05021",Shopping_ads
RECCVR01,Shopping_ads
RSWG1414,Shopping_ads
RP15AY42AJ2NA,Shopping_ads
R810,Shopping_ads
230UNIIBM1075,Shopping_ads
"S-GXV6SS4210,S-AHVE42CP1300,S-GTST-CW-WH-A",Shopping_ads
S-GLXS4BA3610,Shopping_ads
"GLZS4BA2410, AWST24SU1305",Shopping_ads
"S-GLZS5BA3010,S-GR9S920603BNA,S-CAPTA3626B3",Shopping_ads
S-GPHM36031,Shopping_ads
RED45,Shopping_ads
S-GXV6SS2410,Shopping_ads
S-GLZS4BA6010,Shopping_ads
H-SR01,Shopping_ads
"S-GLZS4BA2410,S-GR9S920403ANA,S-CHPTA2426B3",Shopping_ads
S-GLXS4BA4210,Shopping_ads
115RECEP,Shopping_ads
S-GLXS5BA4210,Shopping_ads
DIY-24-HP-WM-230D25-O,Shopping_ads
"RP15AY42AJ2NA, R921T0855A21M4SNAS, RCFY4821STANMC",Shopping_ads
FP38,Shopping_ads
"RP14AY36AJ2NA, R921T0603A17M4SNAS, RCFY3617STANMC",Shopping_ads
WFLR104,Shopping_ads
"S-GLXS4BA1810,S-GR9S800403ANA,S-CAPTA2422A3",Shopping_ads
RED34,Shopping_ads
"S-GLXS4BA3610,S-AMST36BU13",Shopping_ads
"S-GLXS5BA1810,S-GR9S920403ANA,S-CAPTA2422A3",Shopping_ads
52336,Shopping_ads
S-GR9S800804CNA,Shopping_ads
12HOLE,Shopping_ads
T-200,Shopping_ads
C165+NOILKIT,Shopping_ads
"S-GLZS5BA4210,S-GR9S800804CNA,S-CAPTA4230C3",Shopping_ads
"RXC12AXVJU, FTXC12AXVJU",Shopping_ads
AA6403K,Shopping_ads
HUB4,Shopping_ads
GPHM34831,Shopping_ads
PLUSHP,Shopping_ads
WETSW01,Shopping_ads
PAD3232,Shopping_ads
"S-GLXT7CA2410,S-CHPTA2426B3,S-GRVT800603BN",Shopping_ads
S-AMST60DU13,Shopping_ads
"GLZS4BA4810, GR9S920804CNA, CAPT6030C3",Shopping_ads
AAE100V,Shopping_ads
14-28-300,Shopping_ads
"S-GLXS5BA4210,S-GR9S800804CNA,S-CHPTA4230C3",Shopping_ads
STR9078,Shopping_ads
"GLZS4BA3610, AWST36SU1308",Shopping_ads
SB4104,Shopping_ads
0230K00044,Shopping_ads
GASNIP344,Shopping_ads
BOCA01,Shopping_ads
R618,Shopping_ads
2PVC90,Shopping_ads
DM515,Shopping_ads
8ROOF,Shopping_ads
RSB101,Shopping_ads
DBOX26,Shopping_ads
SUCTVALV,Shopping_ads
"RP15AY48AJ2NA, RH2TY4821STANNJ, WRX10021",Shopping_ads
"S-GXV6SS1810,S-AHVE24BP1300,S-GTST-CW-WH-A",Shopping_ads
R612,Shopping_ads
RB141412,Shopping_ads
PLENDSB,Shopping_ads
"S-GLZS4BA3610,S-GR9S800604BNA,S-CHPTA3630B3",Shopping_ads
ROSSI12,Shopping_ads
"S-GLZS5BA3610,S-GR9S920603BNA,S-CAPTA3626B3",Shopping_ads
4EAVEDRYER,Shopping_ads
PAD1838,Shopping_ads
S-GRVT801005CN,Shopping_ads
12-BI-6TPI,Shopping_ads
BTOE210,Shopping_ads
GZV6SA4210,Shopping_ads
GPHH53631,Shopping_ads
R808,Shopping_ads
ATK01,Shopping_ads
S-GRVT961205DN,Shopping_ads
S-CHPTA3026B3,Shopping_ads
"GLZS4BA4810, AMST48CU13",Shopping_ads
QFLSHS,Shopping_ads
S-GPHH53631,Shopping_ads
FRG144,Shopping_ads
GAS1COUP,Shopping_ads
S-GLZT7CA2410,Shopping_ads
"S-GLZT7CA2410,S-AMVT30BP1300",Shopping_ads
3WAY104,Shopping_ads
12SEALT1,Shopping_ads
"S-GLXS4BA4210,S-GR9S920804CNA,S-CAPTA4230C3",Shopping_ads
PRSSWTCH,Shopping_ads
SS1,Shopping_ads
S-CAPEA4830C3,Shopping_ads
SB-32,Shopping_ads
CLM100,Shopping_ads
MPA52700040001,Shopping_ads
S-GR9S921004CN,Shopping_ads
GASNIP342,Shopping_ads
"S-GLXS5BA4210,S-GR9S800804CNA,S-CAPTA4230C3",Shopping_ads
3WAY126,Shopping_ads
102WIRE50,Shopping_ads
DL489,Shopping_ads
RED76,Shopping_ads
CP2,Shopping_ads
FTXC12AXVJU,Shopping_ads
"S-GLZS5BA2410,S-GR9S800403ANA,S-CAPTA2422A3",Shopping_ads
50A2PBR,Shopping_ads
"RP15AY42AJ2NA, RH2TY4821STANNJ, WRX10021",Shopping_ads
S-GR9S921205DN,Shopping_ads
RED86,Shopping_ads
Y866,Shopping_ads
S-GLXS5BA3610,Shopping_ads
DISC60,Shopping_ads
11BLKSTP,Shopping_ads
"RP15AY48AJ2NA, R921T1005A21M4SNAS, RCFY4821STANMC",Shopping_ads
S-GPCH33031,Shopping_ads
03-30-300UB,Shopping_ads
TK-174,Shopping_ads
"S-GLXS5BA4210,S-AMST42CU13",Shopping_ads
"S-GLZS5BA6010,S-GR9S801005CNA,S-CHPTA6030D3",Shopping_ads
CSRU2,Shopping_ads
91050,Shopping_ads
AA413,Shopping_ads
MPA5002 0030001,Shopping_ads
S-GPCH34831,Shopping_ads
SAUERMSIWP,Shopping_ads
12TRACML,Shopping_ads
S-CAPTA4230C3,Shopping_ads
RED64,Shopping_ads
AA8466,Shopping_ads
"S-GLZS4BA1810,S-AMST24BU13",Shopping_ads
CPLENFR,Shopping_ads
S-GPGM33606031,Shopping_ads
GLZT7CA3610,Shopping_ads
Y141210,Shopping_ads
JTEKD6,Shopping_ads
"RP15AY30AJ2NA, RH2VY3617STACNJ, WRX07521",Shopping_ads
PAN2032,Shopping_ads
S-GLXS4BA1810,Shopping_ads
GZV6SA3010,Shopping_ads
HUB6,Shopping_ads
"S-GLZS5BA4210,S-GR9S920804CNA,S-CAPTA4230C3",Shopping_ads
60A2PBR,Shopping_ads
FTXV24AVJU9,Shopping_ads
"S-GLXS4BA3010,S-GR9S800603ANA,S-CAPTA3022A3",Shopping_ads
ATT29APACK,Shopping_ads
S-GPCH34231,Shopping_ads
3PVC45,Shopping_ads
REME01,Shopping_ads
GPHH34831,Shopping_ads
S-CHPEA2422B3,Shopping_ads
S-GR9S801005CNA,Shopping_ads
"S-GLZS5BA3010,S-AWST30LU1308",Shopping_ads
CE4104,Shopping_ads
S-GPHM33631,Shopping_ads
S-GPGM34806031,Shopping_ads
SB6106,Shopping_ads
LCAP50,Shopping_ads
DL599,Shopping_ads
12ROME,Shopping_ads
S-GPGM34808031,Shopping_ads
230UNICFM825,Shopping_ads
CAP3MF,Shopping_ads
SPY600635P,Shopping_ads
AA8190F,Shopping_ads
PLENAHDFR,Shopping_ads
END314,Shopping_ads
GPHH56031,Shopping_ads
S-HKTSN08X1,Shopping_ads
S-AMVT24BP1300,Shopping_ads
S-GLZS5BA4210,Shopping_ads
"RP15AY42AJ2NA, R801T0754A21UHSNAS, RCFY4821STANMC",Shopping_ads
S-GZV7SA4210,Shopping_ads
AA8052,Shopping_ads
S-AWST36LU1310A,Shopping_ads
S-GLXT7CA2410,Shopping_ads
S-GLXT7CA3610,Shopping_ads
S-GLZT7CA3610,Shopping_ads
S-GLXS5BA1810,Shopping_ads
"S-GLZS4BA1810,S-GR9S920403ANA,S-CAPTA2422A3",Shopping_ads
AAC1210,Shopping_ads
UNI825,Shopping_ads
S-AWST24SU1305A,Shopping_ads
TK800E-60,Shopping_ads
S-GZV6SA2410,Shopping_ads
S-GPHM32431,Shopping_ads
C160,Shopping_ads
3MXM24AVJU9,Shopping_ads
T-200M,Shopping_ads
Y644,Shopping_ads
PLENUCD,Shopping_ads
DL379B,Shopping_ads
CAP455MF,Shopping_ads
12TRACFLM,Shopping_ads
"S-GLXS5BA3610,S-GR9S920603BNA,S-CHPTA3630B3",Shopping_ads
"S-GLZS5BA3610,S-AWST36LU1308",Shopping_ads
PF1420,Shopping_ads
Y1088,Shopping_ads
CE81410,Shopping_ads
"S-GLZS5BA1810,S-AWST18SU1305",Shopping_ads
"RP15AY36AJ2NA, RH2TY3617STANNJ, WRX10021",Shopping_ads
"S-GLZS5BA2410,S-AMST24BU13",Shopping_ads
"S-GLXS4BA3010,S-GR9S920603BNA,S-CHPTA3026B3",Shopping_ads
SCHRVLV6,Shopping_ads
WCAULK,Shopping_ads
GRAY-PAINT,Shopping_ads
S-AWST30LU1308A,Shopping_ads
S-GPHM53631,Shopping_ads
DL419,Shopping_ads
MASBRS01,Shopping_ads
FR16251,Shopping_ads
"S-GZV7SA2410,S-AHVE36CP1300,S-GTST-CW-WH-A",Shopping_ads
DIY-12-HP-WM-115D25-O,Shopping_ads
EM720SPKIT,Shopping_ads
SWP205,Shopping_ads
14SW90,Shopping_ads
GAS12TEE,Shopping_ads
GPHM33031,Shopping_ads
SPY600917CF,Shopping_ads
GASCNIP12,Shopping_ads
S-GPCH36031,Shopping_ads
AAC1625,Shopping_ads
GASNIP346,Shopping_ads
"S-GLZS5BA2410,S-GR9S800403ANA,S-CHPTA2426B3",Shopping_ads
QFLSHUB,Shopping_ads
QFLSH4,Shopping_ads
MRFILTER01,Shopping_ads
S-GZV6SA4210,Shopping_ads
AAPLEN1410,Shopping_ads
END1224,Shopping_ads
DL579,Shopping_ads
"S-GLZS4BA4210,S-GR9S800804CNA,S-CAPTA4230C3",Shopping_ads
RSWG146,Shopping_ads
DT720,Shopping_ads
"GLZS5BA3610, AWST36SU1308",Shopping_ads
"S-GLZS5BA1810,S-GR9S800403ANA,S-CHPTA2426B3",Shopping_ads
H-2600,Shopping_ads
S-CAPTA3626B3,Shopping_ads
"S-GXV6SS4810,S-AHVE48CP1300,S-GTST-CW-WH-A",Shopping_ads
"S-GLXS5BA3610,S-AWST36LU1308",Shopping_ads
AA163W,Shopping_ads
CD100A,Shopping_ads
511KIT,Shopping_ads
"S-GZV6SA6010,S-AHVE60DP1300,S-GTST-CW-WH-A",Shopping_ads
"S-GLXS4BA3610,S-GR9S920603BNA,S-CAPTA3626B3",Shopping_ads
MPA5285G0040401,Shopping_ads
S-GPUM33606031,Shopping_ads
S-GLZS4BA3610,Shopping_ads
GASCNIP34,Shopping_ads
S-GXV6SS3010,Shopping_ads
"GLZS4BA4210, GR9S800804CNA, CHPTA4230C3",Shopping_ads
12SADDLE,Shopping_ads
AA50RLY,Shopping_ads
HA1,Shopping_ads
UNIS92,Shopping_ads
"GLZS4BA6010, AMST60DU13",Shopping_ads
"S-GLZS4BA4210,S-GR9S920804CNA,S-CAPTA4230C3",Shopping_ads
S-GZV6SA3010,Shopping_ads
"S-GLZS4BA3610, S-AWST36SU1310",Shopping_ads
RED1210,Shopping_ads
78INSUV,Shopping_ads
CAP405MF,Shopping_ads
10SADDLE,Shopping_ads
PLENAHSC,Shopping_ads
S-CAPEA6030C3,Shopping_ads
RXQ09ASBU9,Shopping_ads
"S-GLXS4BA4810,S-GR9S800804CNA,S-CAPTA6030C3",Shopping_ads
"S-GLXS4BA3010,S-GR9S920603BNA,S-CAPTA3626B3",Shopping_ads
GAS1CAP,Shopping_ads
MSL1450,Shopping_ads
JQK19W,Shopping_ads
ELECTPE,Shopping_ads
"S-GLZS5BA6010,S-GR9S801005CNA,S-CAPTA6030C3",Shopping_ads
"GLZS5BA2410, AWST24SU1305",Shopping_ads
"RP14AY42AJ2NA, RH2TY4821STANNJ, WRX10021",Shopping_ads
ZC-02,Shopping_ads
"S-GLXS4BA4210,S-GR9S800804CNA,S-CAPTA4230C3",Shopping_ads
S-AHVE60DP1300,Shopping_ads
FTXV12AVJU9,Shopping_ads
S-0230K00044,Shopping_ads
S-GPHH54231,Shopping_ads
"S-GLZS5BA3010,S-GR9S920603BNA,S-CHPTA3026B3",Shopping_ads
GASR3412,Shopping_ads
WSTK31036,Shopping_ads
GHB-9-2,Shopping_ads
34LTFIT,Shopping_ads
"S-GLXS5BA6010,S-AMST60DU13",Shopping_ads
CAP403MF,Shopping_ads
"S-GLXT7CA4810,S-CHPTA6030D3,S-GRVT960804CN",Shopping_ads
"S-GLXS5BA3010,S-GR9S800603ANA,S-CAPTA3022A3",Shopping_ads
GASNIP14,Shopping_ads
GM3465,Shopping_ads
55800,Shopping_ads
RP15AY18AJ2NA,Shopping_ads
S-GPCH32431,Shopping_ads
"S-GLXS4BA3610,S-GR9S800604BNA,S-CAPTA3626B3",Shopping_ads
"GZV7SA6010, AHVE60DP1300, GTST-CW-WH-A",Shopping_ads
"S-GLZS4BA4810,S-GR9S800804CNA,S-CAPTA6030C3",Shopping_ads
"S-GLZS4BA4810,S-GR9S920804CNA,S-CHPTA4830C3",Shopping_ads
ZIPTIE36,Shopping_ads
"RXC18AXVJU, FTXC18AXVJU",Shopping_ads
S-GZV7SA4810,Shopping_ads
UNIHSI1,Shopping_ads
"RP14AY60AJ2NA, RH2TY6024STANNJ, WRX10021",Shopping_ads
S-HKTSD15XA,Shopping_ads
"S-GLXS5BA4810,S-GR9S800804CNA,S-CAPTA6030C3",Shopping_ads
520KIT,Shopping_ads
R806,Shopping_ads
BSPLEN,Shopping_ads
S-AWST36LU1308A,Shopping_ads
AAC2020,Shopping_ads
"S-GLZS5BA4810,S-GR9S800804CNA,S-CAPTA6030C3",Shopping_ads
S-GRVT800805CN,Shopping_ads
"RP15AY60AJ2NA, R801T1255A24UHSNAS, RCFY6024STANMC",Shopping_ads
S-CHPEA4830C3,Shopping_ads
S-GLZT7CA4810,Shopping_ads
SLVRTP01,Shopping_ads
BRSCAP6,Shopping_ads
AA6203K,Shopping_ads
"RP14AY48AJ2NA, R921T1005A21M4SNAS, RCFY4821STANMC",Shopping_ads
AA-80PT-DEHU,Shopping_ads
GLZS4MA3610,Shopping_ads
H-SG25,Shopping_ads
"RXQ12ASBU9, FTXQ12ASBU9",Shopping_ads
DTHA2,Shopping_ads
CAP255MF,Shopping_ads
OC141412,Shopping_ads
"S-GLXS5BA6010,S-GR9S801005CNA,S-CAPTA6030C3",Shopping_ads
R616,Shopping_ads
PF2025,Shopping_ads
SPY19025,Shopping_ads
RED1412,Shopping_ads
HUB8,Shopping_ads
"RP15AY24AJ2NA, RH2TY2417STANNJ, WRX05021",Shopping_ads
AAA,Shopping_ads
PVCPRM1,Shopping_ads
S-GR9S921005CN,Shopping_ads
GASNIP124,Shopping_ads
S-GPHM53031,Shopping_ads
08-406-ASD,Shopping_ads
3PVCC,Shopping_ads
PF2022,Shopping_ads
6429416,Shopping_ads
PF1620,Shopping_ads
S-GRVT961005CN,Shopping_ads
70082,Shopping_ads
C161OIL,Shopping_ads
R812,Shopping_ads
MSL145850,Shopping_ads
S-GPGM36008031,Shopping_ads
"S-GZV6SA3610,S-AHVE36CP1300,S-GTST-CW-WH-A",Shopping_ads
"S-GLZS4BA4210,S-AMST42CU13",Shopping_ads
2DWRAP,Shopping_ads
LIQVALV,Shopping_ads
"GLZS4BA1810, GR9S800403ANA, CHPTA2426B3",Shopping_ads
"GLZS4BA1810, AMST24BU13",Shopping_ads
GAS341212T,Shopping_ads
LS7825,Shopping_ads
"S-GLZS4BA3010,S-GR9S920603BNA,S-CHPTA3026B3",Shopping_ads
S-GR9S920803BN,Shopping_ads
3WAY146,Shopping_ads
COUP78,Shopping_ads
"S-GLZS4BA4210,S-GR9S920804CNA,S-CHPTA4230C3",Shopping_ads
38HEX01,Shopping_ads
BBLWRN01,Shopping_ads
DCTTP01,Shopping_ads
"GZV6SA2410, AHVE24BP1300, HKTSN05X1, GTST-CW-WH-A",Shopping_ads
"S-GLXS4BA4810,S-GR9S920804CNA,S-CHPTA4830C3",Shopping_ads
TK800-60,Shopping_ads
"RP14AY24AJ2NA, RH2TY2417STANNJ, WRX05021",Shopping_ads
"GLZS4BA3010, GR9S800603ANA, CAPTA3022A3",Shopping_ads
"S-GZV6SA4210,S-AHVE42CP1300,S-GTST-CW-WH-A",Shopping_ads
"S-GLZS4BA2410,S-AMST24BU13",Shopping_ads
H-401,Shopping_ads
"S-GLZS5BA4210,S-GR9S800804CNA,S-CHPTA4230C3",Shopping_ads
RED53,Shopping_ads
102WIRE1,Shopping_ads
CS-100,Shopping_ads
S-AMVT30BP1300,Shopping_ads
CAP505MF,Shopping_ads
H-1101,Shopping_ads
CAP20MF,Shopping_ads
"GZV7SA4210, AHVE60DP1300, GTST-CW-WH-A",Shopping_ads
CAP5MF,Shopping_ads
S-GLXS4BA4810,Shopping_ads
1FLTMTLS,Shopping_ads
FG1414,Shopping_ads
GPHH34231,Shopping_ads
AAC2520,Shopping_ads
"S-GLZS4BA4210,S-GR9S800804CNA,S-CHPTA4230C3",Shopping_ads
PG8J936D210B1805AP,Shopping_ads
"S-GLZS5BA2410,S-GR9S920403ANA,S-CAPTA2422A3",Shopping_ads
18COL,Shopping_ads
CLRTUB01,Shopping_ads
AA62,Shopping_ads
S-GPHH52431,Shopping_ads
"S-GLXS4BA2410,S-AMST24BU13",Shopping_ads
"S-GLZS4BA3010,S-GR9S800603ANA,S-CAPTA3022A3",Shopping_ads
"S-GZV6SA1810,S-AHVE24BP1300,S-GTST-CW-WH-A",Shopping_ads
RXC24AXVJU,Shopping_ads
GASNIP1212,Shopping_ads
"S-GLXS4BA3610,S-GR9S800604BNA,S-CHPTA3630B3",Shopping_ads
"S-GLXS4BA4210,S-GR9S800804CNA,S-CHPTA4230C3",Shopping_ads
UVF4,Shopping_ads
"GLZS4BA1810, AWST18SU1305",Shopping_ads
S-GLZS4BA1810,Shopping_ads
"RP15AY60AJ2NA, R921T1155A24M4SNAS, RCFY6024STANMC",Shopping_ads
GLZS4BA1810,Shopping_ads
S-GPGM33604031,Shopping_ads
ROSSI14,Shopping_ads
S-GLZS5BA2410,Shopping_ads
S-GR9S800603ANA,Shopping_ads
S-GLXS5BA3010,Shopping_ads
AAH800,Shopping_ads
14WIRE250,Shopping_ads
"S-GLXS4BA3610,S-GR9S920603BNA,S-CHPTA3630B3",Shopping_ads
106STACK,Shopping_ads
"S-GLZS5BA3610,S-GR9S800604BNA,S-CHPTA3630B3",Shopping_ads
SLVRTPR,Shopping_ads
"RXC09AXVJU, FTXC09AXVJU",Shopping_ads
S-GRVT960603BN,Shopping_ads
S-GPHH33631,Shopping_ads
RED1614,Shopping_ads
S-GZV7SA6010,Shopping_ads
FF-32,Shopping_ads
RDWRN01,Shopping_ads
GAS3490,Shopping_ads
34PVCCP,Shopping_ads
GAS34CAP,Shopping_ads
GPHH53031,Shopping_ads
14-406-A,Shopping_ads
A3B5,Shopping_ads
"GLZS4BA4810, GR9S800804CNA, CHPTA4830C3",Shopping_ads
34PVCM,Shopping_ads
2X2DBOARD112-1,Shopping_ads
38WSHR1,Shopping_ads
S-GLXS4BA2410,Shopping_ads
"S-GLZS5BA3010, S-AWST30LU1310",Shopping_ads
"GZV6SA1810, AHVE24BP1300, HKTSN05X1, GTST-CW-WH-A",Shopping_ads
RP14AY48AJ2NA,Shopping_ads
34PVCT,Shopping_ads
COA2,Shopping_ads
GASNIP126,Shopping_ads
12-310,Shopping_ads
91496,Shopping_ads
"GLZS4BA6010, GR9S921005CNA, CAPT6030C3",Shopping_ads
PF2020,Shopping_ads
COUP38,Shopping_ads
CPMOD-01,Shopping_ads
S-CHPEA3626B3,Shopping_ads
MAST01,Shopping_ads
"S-GLXS5BA3610,S-GR9S800604BNA,S-CHPTA3626B3",Shopping_ads
"S-GLXS4BA4210,S-GR9S920804CNA,S-CHPTA4230C3",Shopping_ads
"S-GLZS5BA4810,S-GR9S920804CNA,S-CAPT6030C3",Shopping_ads
FTXC18AXVJU,Shopping_ads
GLZS5BA1810,Shopping_ads
"GLZS5BA1810, AMST24BU13",Shopping_ads
"S-GLXS5BA3010,S-GR9S800603ANA,S-CHPTA3026B3",Shopping_ads
"S-GLXS5BA2410,S-AMST24BU13",Shopping_ads
H-PO15,Shopping_ads
VIBPAD1,Shopping_ads
DIY-18-HP-WM-230D25-O,Shopping_ads
20SW90,Shopping_ads
ELB38,Shopping_ads
"GLZS4BA3010, AMST30BU13",Shopping_ads
4ROOF,Shopping_ads
CSRU1,Shopping_ads
PAN2424,Shopping_ads
SPY600880,Shopping_ads
AA-8126,Shopping_ads
GPHH54231,Shopping_ads
RP14AY42AJ2NA,Shopping_ads
S-AMST42CU13,Shopping_ads
S-GPHM54831,Shopping_ads
DM525,Shopping_ads
DT304,Shopping_ads
GASPRS1,Shopping_ads
Y121010,Shopping_ads
"S-GLXS4BA1810,S-AWST18SU1305",Shopping_ads
90FLMSN,Shopping_ads
"S-GLXS4BA4810,S-GR9S800804CNA,S-CHPTA4830C3",Shopping_ads
"S-GLZS4BA1810,S-AWST18SU1305",Shopping_ads
"S-GLZS5BA1810,S-GR9S800403ANA,S-CAPTA2422A3",Shopping_ads
12WIRE250,Shopping_ads
34TRACFLM,Shopping_ads
S-GZV7SA3610,Shopping_ads
"S-GZV6SA4810,S-AHVE48CP1300,S-GTST-CW-WH-A",Shopping_ads
34ROME,Shopping_ads
GM3464,Shopping_ads
20A115,Shopping_ads
SWCAP4,Shopping_ads
R814,Shopping_ads
AA,Shopping_ads
"RXQ09ASBU9, FTXQ09ASBU9",Shopping_ads
S-GPHH56031,Shopping_ads
4MXM36AVJU9,Shopping_ads
GAS13434T,Shopping_ads
CAP303MF,Shopping_ads
GASNIP3412,Shopping_ads
"GLZS4BA3610, GR9S920603BNA, CAPTA3626B3",Shopping_ads
SWCAP8,Shopping_ads
WSTK31436,Shopping_ads
"S-GLZS4BA6010,S-GR9S921005CNA,S-CAPTA6030C3",Shopping_ads
AA143W,Shopping_ads
"S-GLZT7CA6010,S-AMVT60DP1300",Shopping_ads
"S-GLZS5BA3610,S-AMST36CU13",Shopping_ads
D SB PVC CEMENT,Shopping_ads
"GLZS4BA3610, GR9S800604BNA, CHPTA3630B3",Shopping_ads
SPY600634P,Shopping_ads
S-AHVE36CP1300,Shopping_ads
PRSWTUB,Shopping_ads
906106,Shopping_ads
S-GZV6SA4810,Shopping_ads
GZV7SA4810,Shopping_ads
CE6148,Shopping_ads
HVYRCP48,Shopping_ads
S-GLXS4BA3010,Shopping_ads
DAFM3B,Shopping_ads
"S-GLZS4BA3010,S-GR9S800603ANA,S-CHPTA3026B3",Shopping_ads
3428BARB,Shopping_ads
"GLZS5BA2410, AMST24BU13",Shopping_ads
PF1425,Shopping_ads
"S-GLXS5BA3010,S-AMST30BU13",Shopping_ads
GAS190,Shopping_ads
"RP15AY60AJ2NA, RH2TY6024STANNJ, WRX10021",Shopping_ads
"S-GLXT7CA2410,S-CHPTA2426B3,S-GRVT960403BN",Shopping_ads
"S-GLZS4BA2410,S-AWST24SU1305",Shopping_ads
ELB78,Shopping_ads
"S-GLXS5BA1810,S-GR9S800403ANA,S-CAPTA2422A3",Shopping_ads
DIY-36-HP-WM-230D25-O,Shopping_ads
GZV7SA2410,Shopping_ads
"S-GLXS5BA3010, S-AWST30LU1310",Shopping_ads
"S-GLXS5BA1810,S-AMST24BU13",Shopping_ads
TRAN40VA,Shopping_ads
AABYP08,Shopping_ads
JQK10,Shopping_ads
R816,Shopping_ads
"S-GLXS5BA3610,S-AMST36BU13",Shopping_ads
WI-70,Shopping_ads
S-GLZS4BA4210,Shopping_ads
ROSSLV4,Shopping_ads
GZV7SA4210,Shopping_ads
EM201B,Shopping_ads
34PVCP,Shopping_ads
CONPL1,Shopping_ads
Y1086,Shopping_ads
