product_id,id,url_standard,url_thumbnail,url_tiny,url_zoom,description,sort_order,is_thumbnail,date_modified
2140,6558,https://cdn11.bigcommerce.com/s-8jovicf28z/products/2140/images/6558/Untitled_45__08499.1708445374.386.513.png?c=1,https://cdn11.bigcommerce.com/s-8jovicf28z/products/2140/images/6558/Untitled_45__08499.1708445374.220.290.png?c=1,https://cdn11.bigcommerce.com/s-8jovicf28z/products/2140/images/6558/Untitled_45__08499.1708445374.44.58.png?c=1,https://cdn11.bigcommerce.com/s-8jovicf28z/products/2140/images/6558/Untitled_45__08499.1708445374.1280.1280.png?c=1,,0,True,2024-02-20T16:09:34+00:00
2141,6559,https://cdn11.bigcommerce.com/s-8jovicf28z/products/2141/images/6559/Untitled_45__08499.1703708488.1280.1280__99028.1708445375.386.513.png?c=1,https://cdn11.bigcommerce.com/s-8jovicf28z/products/2141/images/6559/Untitled_45__08499.1703708488.1280.1280__99028.1708445375.220.290.png?c=1,https://cdn11.bigcommerce.com/s-8jovicf28z/products/2141/images/6559/Untitled_45__08499.1703708488.1280.1280__99028.1708445375.44.58.png?c=1,https://cdn11.bigcommerce.com/s-8jovicf28z/products/2141/images/6559/Untitled_45__08499.1703708488.1280.1280__99028.1708445375.1280.1280.png?c=1,,0,True,2024-02-20T16:09:35+00:00
2142,6560,https://cdn11.bigcommerce.com/s-8jovicf28z/products/2142/images/6560/Untitled_45__08499.1703708488.1280.1280__99028.1703708549.1280.1280__15909.1708445375.386.513.png?c=1,https://cdn11.bigcommerce.com/s-8jovicf28z/products/2142/images/6560/Untitled_45__08499.1703708488.1280.1280__99028.1703708549.1280.1280__15909.1708445375.220.290.png?c=1,https://cdn11.bigcommerce.com/s-8jovicf28z/products/2142/images/6560/Untitled_45__08499.1703708488.1280.1280__99028.1703708549.1280.1280__15909.1708445375.44.58.png?c=1,https://cdn11.bigcommerce.com/s-8jovicf28z/products/2142/images/6560/1708445375.1280.1280.png?c=1,,0,True,2024-02-20T16:09:35+00:00
2143,6561,https://cdn11.bigcommerce.com/s-8jovicf28z/products/2143/images/6561/1703708620.1280.1280__40901.1708445375.386.513.png?c=1,https://cdn11.bigcommerce.com/s-8jovicf28z/products/2143/images/6561/1703708620.1280.1280__40901.1708445375.220.290.png?c=1,https://cdn11.bigcommerce.com/s-8jovicf28z/products/2143/images/6561/1703708620.1280.1280__40901.1708445375.44.58.png?c=1,https://cdn11.bigcommerce.com/s-8jovicf28z/products/2143/images/6561/1703708620.1280.1280__40901.1708445375.1280.1280.png?c=1,,0,True,2024-02-20T16:09:35+00:00
2182,6600,https://cdn11.bigcommerce.com/s-8jovicf28z/products/2182/images/6600/Untitled_54__16429.1731595821.386.513.png?c=1,https://cdn11.bigcommerce.com/s-8jovicf28z/products/2182/images/6600/Untitled_54__16429.1731595821.220.290.png?c=1,https://cdn11.bigcommerce.com/s-8jovicf28z/products/2182/images/6600/Untitled_54__16429.1731595821.44.58.png?c=1,https://cdn11.bigcommerce.com/s-8jovicf28z/products/2182/images/6600/Untitled_54__16429.1731595821.1280.1280.png?c=1,,0,True,2024-11-14T14:50:21+00:00
2183,6601,https://cdn11.bigcommerce.com/s-8jovicf28z/products/2183/images/6601/Untitled_54__16429.1704219711.1280.1280__87287.1731595821.386.513.png?c=1,https://cdn11.bigcommerce.com/s-8jovicf28z/products/2183/images/6601/Untitled_54__16429.1704219711.1280.1280__87287.1731595821.220.290.png?c=1,https://cdn11.bigcommerce.com/s-8jovicf28z/products/2183/images/6601/Untitled_54__16429.1704219711.1280.1280__87287.1731595821.44.58.png?c=1,https://cdn11.bigcommerce.com/s-8jovicf28z/products/2183/images/6601/Untitled_54__16429.1704219711.1280.1280__87287.1731595821.1280.1280.png?c=1,,0,True,2024-11-14T14:50:21+00:00
2184,6602,https://cdn11.bigcommerce.com/s-8jovicf28z/products/2184/images/6602/Untitled_54__16429.1704219711.1280.1280__87287.1704220280.1280.1280__93154.1731595822.386.513.png?c=1,https://cdn11.bigcommerce.com/s-8jovicf28z/products/2184/images/6602/Untitled_54__16429.1704219711.1280.1280__87287.1704220280.1280.1280__93154.1731595822.220.290.png?c=1,https://cdn11.bigcommerce.com/s-8jovicf28z/products/2184/images/6602/Untitled_54__16429.1704219711.1280.1280__87287.1704220280.1280.1280__93154.1731595822.44.58.png?c=1,https://cdn11.bigcommerce.com/s-8jovicf28z/products/2184/images/6602/1731595822.1280.1280.png?c=1,,0,True,2024-11-14T14:50:22+00:00
2185,6603,https://cdn11.bigcommerce.com/s-8jovicf28z/products/2185/images/6603/1704220509.1280.1280__70313.1731595822.386.513.png?c=1,https://cdn11.bigcommerce.com/s-8jovicf28z/products/2185/images/6603/1704220509.1280.1280__70313.1731595822.220.290.png?c=1,https://cdn11.bigcommerce.com/s-8jovicf28z/products/2185/images/6603/1704220509.1280.1280__70313.1731595822.44.58.png?c=1,https://cdn11.bigcommerce.com/s-8jovicf28z/products/2185/images/6603/1704220509.1280.1280__70313.1731595822.1280.1280.png?c=1,,0,True,2024-11-14T14:50:22+00:00
2186,6604,https://cdn11.bigcommerce.com/s-8jovicf28z/products/2186/images/6604/1704220509.1280.1280__70313.1704220712.1280.1280__98546.1731595822.386.513.png?c=1,https://cdn11.bigcommerce.com/s-8jovicf28z/products/2186/images/6604/1704220509.1280.1280__70313.1704220712.1280.1280__98546.1731595822.220.290.png?c=1,https://cdn11.bigcommerce.com/s-8jovicf28z/products/2186/images/6604/1704220509.1280.1280__70313.1704220712.1280.1280__98546.1731595822.44.58.png?c=1,https://cdn11.bigcommerce.com/s-8jovicf28z/products/2186/images/6604/1731595822.1280.1280.png?c=1,,0,True,2024-11-14T14:50:22+00:00
2187,6605,https://cdn11.bigcommerce.com/s-8jovicf28z/products/2187/images/6605/Untitled_55__74318.1731595817.386.513.png?c=1,https://cdn11.bigcommerce.com/s-8jovicf28z/products/2187/images/6605/Untitled_55__74318.1731595817.220.290.png?c=1,https://cdn11.bigcommerce.com/s-8jovicf28z/products/2187/images/6605/Untitled_55__74318.1731595817.44.58.png?c=1,https://cdn11.bigcommerce.com/s-8jovicf28z/products/2187/images/6605/Untitled_55__74318.1731595817.1280.1280.png?c=1,,0,True,2024-11-14T14:50:17+00:00
