search_term,matched_brand
buy comfort direct,buy comfort direct
who sells goodman ac units,goodman
rheem condenser,rheem
ruud com,ruud
ruud 30 gallon electric water heater,ruud
daikin heat pump remote,daikin
amana 5 ton ac unit,amana
goodman cscf4860n6,goodman
rheem pool heater customer service,rheem
rheem furnace for sale,rheem
goodman gmvm970804cn,goodman
goodman gm9s960403an,goodman
5 ton daikin,daikin
goodman 5 ton air handler dimensions,goodman
daikin central air,daikin
goodman furnace 80 efficiency reviews,goodman
goodman 4 ton 14 seer,goodman
rheem parts,rheem
goodman plenum kit,goodman
goodman 5kw heat strip,goodman
goodman 3.5 ton ac unit,goodman
home depot rheem 50 gallon water heater,rheem
goodman 4 ton ac unit price,goodman
daikin air conditioner,daikin
daikin fit,daikin
ruud ac compressor,ruud
is rheem or goodman better,goodman
rheem rgra 10ezajs,rheem
rheem 1.5 ton ac unit,rheem
rheem air conditioner covers,rheem
3 ton ruud ac unit price,ruud
rheem warranty lookup,rheem
gsx13024 goodman,goodman
2 ton goodman package unit,goodman
goodman ckl36 1l specs,goodman
goodman phone number,goodman
goodman warranty,goodman
ruud thermostat,ruud
ruud 5 ton ac unit,ruud
goodman air handler specs,goodman
rheem 454b,rheem
rheem furnace 80000 btu,rheem
rheem furnace dimensions,rheem
rheem 16 seer 3 ton,rheem
goodman hvac,goodman
goodman west monroe la,goodman
rheem 2 stage furnace prices,rheem
daikin 9k btu mini split,daikin
rheem 5 ton air handler dimensions,rheem
a daikin,daikin
buy comfort direct winder ga,buy comfort direct
goodman 12000 btu mini split,goodman
rheem r410a heat pump,rheem
rheem pool heater heat exchanger,rheem
rheem 4 ton heat pump,rheem
rheem ac condenser price,rheem
ruud 3 ton heat pump,ruud
who makes ruud air conditioners,ruud
goodman manufacturing company houston texas,goodman
goodman aspt49d14,goodman
rheem gas heater,rheem
rheem r92pa0701317msa,rheem
rheem 13ajn30a01,rheem
goodman inverter heat pump reviews,goodman
daikin room sensors,daikin
performance platinum rheem,rheem
goodman manufacturing locations,goodman
rheem ra1424aj1na,rheem
daikin rxb12axvju,daikin
rheem ra1460aj1na,rheem
goodman tech support hours,goodman
rheem raka 037jaz,rheem
rheem r801t0754a17uhsnas,rheem
goodman 3 ton,goodman
rheem heat pump for sale,rheem
ruud 14 seer 4 ton,ruud
rheem 3 ton air handler dimensions,rheem
rheem thermostat,rheem
rheem 100k btu furnace,rheem
rheem 90 furnace,rheem
goodman 10kw heat kit,goodman
rheem 15 seer heat pump reviews,rheem
who makes rheem air conditioners,rheem
daikin one thermostat,daikin
rheem heat pump replacement parts,rheem
goodman 2 stage furnace,goodman
ruud ac reviews consumer reports,ruud
inside rheem air handler,rheem
are goodman ac units good,goodman
goodman drain pan,goodman
goodman furnace amazon,goodman
rheem air handler dimensions,rheem
rheem 10 ton air handler,rheem
comfort direct,comfort direct
goodman mobile home furnace,goodman
buy comfort direct reviews,buy comfort direct
rheem heater,rheem
is ruud a good furnace,ruud
rheem rhll hm6024ja,rheem
goodman mitigation board,goodman
rheem boiler,rheem
goodman company lp,goodman
rheem 2.5 ton ac unit,rheem
daikin 18k mini split,daikin
ruud 4 ton ac unit,ruud
rheem furnace prices,rheem
goodman gpg1436080m41,goodman
goodman hksc10xc,goodman
rheem ranl 031jaz,rheem
rheem 96 2 stage furnace,rheem
daikin fit aurora heat pump,daikin
rheem aire acondicionado,rheem
goodman high efficiency furnace prices,goodman
rheem sales company warranty,rheem
rheem customer service number hours,rheem
rheem flame sensor kit,rheem
goodman 2.5 ton heat pump,goodman
ruud heat pump,ruud
goodman 17.2 seer heat pump,goodman
rheem marathon water heater,rheem
rheem 4 ton 16 seer price,rheem
rheem 15.2 seer2,rheem
rheem prestige series,rheem
goodman online ordering,goodman
is buy comfort direct legit,buy comfort direct
goodman evaporator coil replacement,goodman
rheem downflow furnace,rheem
rheem products,rheem
goodman wholesale near me,goodman
rheem hvac equipment,rheem
rheem parts phone number,rheem
goodman ac prices 2 ton,goodman
rheem distributor,rheem
ruud silhouette gas furnace,ruud
daikin furnace dealers near me,daikin
rheem 14 seer heat pump reviews,rheem
buy rheem online,rheem
goodman air conditioner condenser fan motor,goodman
rheem rp1530bj1na,rheem
daikin controllers,daikin
goodman reviews,goodman
rheem furnace 96,rheem
amana 60000 btu furnace,amana
goodman appliances,goodman
amana 3.5 ton ac unit,amana
rheem outdoor unit,rheem
goodman 2.5 ton,goodman
goodman inverter heat pump,goodman
goodman daikin,goodman
rheem 10 gallon water heater,rheem
rheem 20 seer heat pump,rheem
goodman furnace parts,goodman
ruud r962v furnace,ruud
rheem hvac system reviews,rheem
goodman 96 efficient furnace,goodman
amana 4 ton ac unit,amana
rheem split systems,rheem
rheem instant hot water heater,rheem
goodman supply house,goodman
rheem furnace 60000 btu,rheem
ruud 1.5 ton heat pump,ruud
goodman 4 ton 15.2 seer2,goodman
daikin r410a dual split,daikin
rheem coil,rheem
rheem non programmable thermostat,rheem
rheem rh1v3617stanja,rheem
13ajn36a01 rheem,rheem
amana hvac wholesale,amana
daikin 3.5 ton heat pump,daikin
daikin air conditioner 3 ton price,daikin
old amana air conditioner models,amana
rheem water heater price,rheem
ruud combi boiler,ruud
rheem lowboy water heater,rheem
goodman 410a evaporator coil,goodman
rheem electric,rheem
rheem customer service,rheem
goodman gmvc80,goodman
rheem 14ajm30a01,rheem
rheem 4 ton air handler dimensions,rheem
rheem 2 ton air handler dimensions,rheem
daikin 3 ton mini split specs,daikin
rheem ra1448aj1na,rheem
rheem rgra 07emaes,rheem
goodman furnace home depot,goodman
goodman ck36 1b,goodman
rheem marathon 50 gallon,rheem
rheem 47 gallon water heater,rheem
goodman ptac parts,goodman
rheem variable speed heat pump,rheem
rheem rh1t3617stanja,rheem
daikin mini split 1 ton,daikin
goodman downflow furnace,goodman
rheem parts near me,rheem
12000 btu mini split daikin,daikin
amana heat pump model numbers,amana
rheem air handler,rheem
daikin smart thermostat,daikin
rheem 17 seer 3 ton,rheem
rheem smart electric water heater,rheem
rheem rhsl hm4821ja,rheem
ruud hvac distributors,ruud
rheem 2 ton heat pump,rheem
daikin dtst tou a,daikin
rheem hot water tanks,rheem
goodman furnace models,goodman
ruud 2 ton heat pump,ruud
goodman heat strips,goodman
daikin controls,daikin
rheem super quiet 80,rheem
rheem official website,rheem
rheem 3.5 ton,rheem
rheem short gas water heater,rheem
comfort air distributing rheem wholesaler,rheem
rheem ra1330aj1na,rheem
4 ton goodman ac unit,goodman
daikin 3mxs24nmvju,daikin
daikin 5 ton 16 seer,daikin
daikin inverter mini split,daikin
goodman evaporator coil replacement cost,goodman
rheem high efficiency ac,rheem
rheem 3.5 ton ac unit price,rheem
rheem furnace 2 stage,rheem
rheem 140k btu pool heater,rheem
ruud 454b,ruud
ruud ultra series,ruud
goodman 3 ton package unit price,goodman
rheem weatherking,rheem
rheem compressor,rheem
daikin online,daikin
goodman furnace,goodman
rheem criterion ii gas furnace,rheem
goodman aruf303016ba,goodman
ruud furnace,ruud
daikin 3 ton heat pump,daikin
rheem propane furnace,rheem
goodman 5 ton package unit price,goodman
termotanque rheem electrico 85 litros,rheem
rheem 3 ton,rheem
rheem furnace rebates,rheem
goodman rooftop unit,goodman
goodman home solutions,goodman
rheem furnace,rheem
goodman heat pump reviews,goodman
goodman gsx130601,goodman
rheem ruud hvac,ruud
rheem 2.5 ton 16 seer price,rheem
goodman furnace reviews consumer reports,goodman
ruud achiever,ruud
goodman electric furnace heating element,goodman
rheem 90 plus furnace,rheem
goodman heat pump package unit,goodman
ruud r801t0754a17uhsnas,ruud
rheem everkleen water heater,rheem
rheem 5 ton heat pump,rheem
daikin heat pump model numbers,daikin
rheem proph80 t2 rh400 30,rheem
rheem 2.5 ton ac unit price,rheem
ruud condenser,ruud
daikin ftxb24axvju,daikin
rheem heaters,rheem
goodman 16 seer heat pump,goodman
goodman gsx140421kf,goodman
rheem r96va1002521msa,rheem
amana atst cwe bl a,amana
rheem heat pump,rheem
rheem inverter heat pump,rheem
rheem furnace reviews,rheem
goodman air filters,goodman
amana 3 ton ac unit price,amana
daikin wholesale distributors,daikin
ruud 60000 btu furnace,ruud
rheem 40 gallon water heater dimensions,rheem
daikin 4 ton ac unit,daikin
rheem 75000 btu furnace 80,rheem
aciq vs goodman,goodman
goodman gsx16s361,goodman
rheem 80 gallon electric water heater prices,rheem
rheem dual fuel heat pump,rheem
daikin 2.5 ton heat pump,daikin
who sells rheem hot water heaters,rheem
goodman package unit specs,goodman
goodman gmvm97,goodman
rheem ra1348aj1na,rheem
goodman gsx130361,goodman
goodman gsz140301kg,goodman
rheem 14 seer 3 ton,rheem
rheem communicating thermostat,rheem
goodman furnace sizes,goodman
rheem econet,rheem
ruud aire acondicionado,ruud
rheem evaporator coil replacement cost,rheem
rheem kwik comfort,rheem
goodman chpf2430b6,goodman
goodman distribution locations,goodman
goodman 4 ton air handler dimensions,goodman
goodman heat pump,goodman
rheem 3.5 ton ac unit,rheem
goodman charging chart 410a pdf,goodman
ruud econet smart thermostat,ruud
goodman wall mount air handler,goodman
rheem 2 stage furnace reviews,rheem
rheem rcf3617stamca specs,rheem
rheem 14ajm49a01,rheem
goodman gsx130181ej,goodman
rheem wholesale distributor near me,rheem
rheem electric heat kit,rheem
daikin ctxs07wvju9,daikin
rheem 3 ton heat pump reviews,rheem
rheem 70000 btu gas furnace,rheem
daikin mini split,daikin
amana compressor,amana
daikin outdoor unit,daikin
goodman furnace gmp075 3,goodman
goodman 5 ton heat pump,goodman
rheem 81vp10s,rheem
rp1436aj1na rheem,rheem
rheem furnace and ac combo,rheem
rheem prestige r98v,rheem
rheem 92 furnace,rheem
rheem heat pumps reviews,rheem
goodman 3 ton air handler dimensions,goodman
daikin brands,daikin
daikin doas units,daikin
ruud 2 stage heat pump,ruud
rheem 30 gallon water heater,rheem
goodman manufacturing,goodman
rheem proe47 s2 rh95,rheem
rheem 3 ton heat pump,rheem
amana side discharge heat pump,amana
amana thermostat,amana
goodman ac condenser,goodman
daikin ac parts near me,daikin
rheem manufacturing fort smith,rheem
goodman 3.5 ton,goodman
daikin 9k btu,daikin
goodman 18 seer heat pump reviews,goodman
goodman inverter thermostat,goodman
goodman dual fuel heat pump,goodman
rheem 5 ton 14 seer air conditioner,rheem
goodman 120 000 btu furnace,goodman
rheem classic plus series furnace,rheem
rheem hvac reviews consumer reports,rheem
rheem combi boiler reviews,rheem
rheem r95pa0601317msa,rheem
aire acondicionado rheem 5 toneladas,rheem
rheem ra1360aj1na,rheem
ruud variable speed furnace,ruud
goodman burners,goodman
goodman horizontal evaporator coil,goodman
amana ac unit price,amana
rheem furnace home depot,rheem
rheem select series,rheem
rheem commercial water heater,rheem
rheem customer service number warranty,rheem
rheem 38 gallon water heater,rheem
rheem r801t,rheem
ruud 16 seer 3 ton,ruud
rheem sales company inc,rheem
goodman parts warranty,goodman
goodman 40000 btu gas furnace,goodman
daikin heaters,daikin
daikin ftx09nmvju,daikin
goodman warranty lookup,goodman
daikin products,daikin
performance rheem water heater,rheem
goodman control board,goodman
rheem hard start kit,rheem
ruud 2.5 ton heat pump,ruud
goodman air conditioner problems,goodman
goodman return air box,goodman
goodman ac service,goodman
amana supply house,amana
goodman 3 ton heat pump system,goodman
goodman variable speed air handler,goodman
goodman supply,goodman
rheem ac unit,rheem
daikin entra vs oterra,daikin
rheem 4 ton 18 seer,rheem
ra1660aj1na rheem,rheem
rheem gas boilers,rheem
amana 90 furnace,amana
goodman aruf air handler,goodman
goodman 10 year warranty registration,goodman
daikin wall mounted mini split,daikin
who makes goodman ac units,goodman
goodman mini splits,goodman
goodman hvac age,goodman
rheem furnace humidifier,rheem
rheem evaporator coil model numbers,rheem
goodman furnace 60000 btu,goodman
rheem 95 furnace,rheem
rheem rbhp 21j07sh2,rheem
rheem electric water heater 65 gallon,rheem
goodman energy star heat pump,goodman
lowes rheem water heater,rheem
daikin furnace,daikin
rheem proe38,rheem
daikin 2 ton mini split,daikin
rheem water heater,rheem
goodman hksc05xc,goodman
termostato rheem,rheem
amana furnace,amana
daikin 24000 btu mini split,daikin
rheem r802v,rheem
goodman distribution,goodman
goodman industries,goodman
rheem ra13,rheem
rheem 15 seer heat pump,rheem
goodman aire acondicionado,goodman
rheem vs lennox,rheem
daikin mini split installation kit,daikin
rheem endeavor,rheem
goodman 2 ton ac unit reviews,goodman
daikin split unit,daikin
rheem rhll hm2417ja,rheem
goodman 80000 btu furnace,goodman
goodman manufacturing products,goodman
rheem rgra 06emaes,rheem
rheem 13ajn18a01,rheem
trane vs rheem,rheem
goodman amana,goodman
goodman r32,goodman
goodman 70000 btu gas furnace,goodman
amana 2 ton heat pump,amana
rheem ra1436aj1na,rheem
goodman heat exchanger parts,goodman
goodman st louis,goodman
goodman gsxc18,goodman
rheem 81vp20s,rheem
goodman ac dealer,goodman
ao smith vs rheem water heaters,rheem
goodman furnace for sale,goodman
ruud furnace prices,ruud
rheem,rheem
goodman parts distributor near me,goodman
daikin mini split reviews,daikin
goodman dallas,goodman
aire acondicionado goodman 5 toneladas,goodman
old rheem air conditioner,rheem
goodman filter rack,goodman
ftx12nmvju daikin,daikin
rheem 4 ton ac unit price,rheem
rheem professional classic series 50 gallon,rheem
goodman r410a,goodman
are goodman furnaces good,goodman
rheem distributor near me,rheem
